pcode,agr_code,agr_name,agr_no,agr_refno,agr_add1,agr_add2,agr_add3,agr_add4,agr_sadd1,agr_sadd2,agr_sadd3,agr_sadd4,agr_date,agr_refby,agr_phno1,agr_phno2,agr_phno3,agr_phno4,agr_phno5,agr_phno6,agr_opbal,baldrcr,security,secdrcr,agr_pers1,agr_pers2,last_agrno,final,GROUP_ALL,narr1,narr2,narr3,gtype,billtype,tax,taxtype,Enter_Date,Modify_Date,agr_add5,agr_add6,agr_add7,agr_Sadd5,agr_Sadd6,agr_Sadd7,Off_GST_Type,Site_GST_Type,P_GSTNo
159,KARNAL,NDCC PROJECTS ( OPC ) PRIVATE LIMITED,157,KARNAL/157,"LEVEL -1, SEC-228-229. SECTOR 12 , PART 1 URBN ESTATE ","KARNAL , HARYANA",,KARNAL,"LEVEL -1, SEC-228-229. SECTOR 12 , PART 1 URBN ESTATE ","KARNAL , HARYANA",,KARNAL,01-01-1999,,,,,,,,0,DEBIT/CREDIT,0,DR,,,LAST_AGRNO,N,,M_NARR1,M_NARR2,M_NARR3,ON HIRE,N,18,18,30-04-2018 12:04,30-04-2021 14:19,HARYANA,27-05-2261 00:00,6,HARYANA,132001,6,SGST-CGST,SGST-CGST,
227,SHIVAM,SHIVAM ENGGCON PRIVATE LIMITED,222,SHIVAM/222,H NO. 1302,"ANSAL SUSHANT CITY, PANIPAT",,PANIPAT,H NO. 1302,"ANSAL SUSHANT CITY, PANIPAT",,PANIPAT,01-01-1999,,,,,,,,0,DEBIT/CREDIT,0,DR,9812134445,,LAST_AGRNO,N,,M_NARR1,M_NARR2,M_NARR3,ON HIRE,N,18,GST 18 %,02-05-2019 20:16,09-05-2020 10:54,HARYANA,,6,HARYANA,,6,SGST-CGST,SGST-CGST,
228,TECHNO,TECHNO CONSTRUCTION,223,TECHNO/223,H NO. 1686 SECTOR 6 N H B ,,,KARNAL,H NO. 1686 SECTOR 6 N H B ,,,KARNAL,01-01-1999,,,,,,,,0,DEBIT/CREDIT,0,DR,,,LAST_AGRNO,N,,M_NARR1,M_NARR2,M_NARR3,ON HIRE,N,0,GST 0 %,01-07-2019 16:08,01-01-2024 18:29,HARYANA,27-05-2261 00:00,6,HARYANA,132001,6,SGST-CGST,SGST-CGST,
229,SHREECONS,M/S SHREE CONSTRUCTION,224,SHREECONS/224,,,,KURUKSHETRA,KURUKSHETRA,,,KURUKSHETRA,01-01-1999,,,,,,,,0,DEBIT/CREDIT,0,DR,,,LAST_AGRNO,N,,M_NARR1,M_NARR2,M_NARR3,ON HIRE,N,18,GST 18 %,04-07-2019 13:45,01-06-2023 12:58,HARYANA,03-09-2272 00:00,6,HARYANA,136118,6,SGST-CGST,GST TYPE,
230,GAZE CONSTRUCTION,GAZE CONTRUCTION,225,GAZE CONSTRUCTION/225,"H NO. 669, SECTOR 18, ",,,PANIPAT,"H NO. 669, SECTOR 18, ",,,PANIPAT,01-01-1999,,,,,,,,0,DEBIT/CREDIT,0,DR,,,LAST_AGRNO,N,,M_NARR1,M_NARR2,M_NARR3,ON HIRE,N,18,GST 18 %,13-09-2019 11:20,02-10-2019 13:49,HARYANA,,6,HARYANA,,6,SGST-CGST,GST TYPE,
231,SWAMIKIRPA,SWAMI KIRPA INFRA DEVELOPERS,226,SWAMIKIRPA/226,"0, BADA BAZAR, PURNI",,,SHIVPURI,"0, BADA BAZAR, PURNI",,,SHIVPURI,01-01-1999,,,,,,,,0,DEBIT/CREDIT,0,DR,,,LAST_AGRNO,N,,M_NARR1,M_NARR2,M_NARR3,ON HIRE,NO,18,GST 18 %,05-02-2020 12:14,05-02-2020 12:14,MADHYA PRADESH,14-07-3196 00:00,23,MADHYA PRADESH,473551,23,IGST,GST TYPE,
232,SHIVACONSTEACH,M/S SHIVA CONSTEACH PVT LTD,227,SHIVACONSTEACH/227,"HOUSE NO. - 2859, NEW HOUSING BOARD, SECTOR - 15",,,SONIPAT,"HOUSE NO. - 2859, NEW HOUSING BOARD, SECTOR - 15",,,SONIPAT,01-01-1999,,,,,,,,0,DEBIT/CREDIT,0,DR,,,LAST_AGRNO,N,,M_NARR1,M_NARR2,M_NARR3,ON HIRE,NO,18,GST 18 %,05-02-2020 12:28,30-06-2021 11:13,HARYANA,31-08-2258 00:00,6,HARYANA,131001,6,SGST-CGST,GST TYPE,
233,BABA,BABA VISHVKARMA SHUTTERING STORE,228,BABA/228,BABARPUR MANDI,,,PANIPAT,BABARPUR MANDI,,,PANIPAT,01-01-1999,,,,,,,,0,DEBIT/CREDIT,0,DR,,,LAST_AGRNO,N,,M_NARR1,M_NARR2,M_NARR3,ON HIRE,N,18,GST 18 %,22-02-2020 10:46,22-02-2020 10:46,HARYANA,,6,HARYANA,,6,SGST-CGST,SGST-CGST,
234,SKJAIN,S K JAIN,229,SKJAIN/229,NEAR RAJIV GANDHI PARK 0,SONY COLONY,,GUNA,NEAR RAJIV GANDHI PARK 0,SONY COLONY,,GUNA,01-01-1999,,,,,,,,0,DEBIT/CREDIT,0,DR,,,LAST_AGRNO,N,,M_NARR1,M_NARR2,M_NARR3,ON HIRE,N,18,GST 18 %,02-03-2020 15:27,30-11-2023 18:04,MADHYA PRADESH,11-01-3195 00:00,23,MADHYA PRADESH,473001,23,IGST,IGST,
235,SONAINFRA,SONA INFRATECH PRIVATE LIMITES,230,SONAINFRA/230,LIC SOCIETY,JANAKPURI WEST DELHI,,NEW DELHI*,"THIRD FLOOR NC 3A 80/C, LIC SOCIETY",JANAKPURI WEST DELHI,,NEW DELHI*,01-01-1999,,,,,,,,0,DEBIT/CREDIT,0,DR,,,LAST_AGRNO,N,,M_NARR1,M_NARR2,M_NARR3,ON HIRE,N,18,GST 18 %,02-03-2020 15:57,03-05-2022 11:57,DELHI,30-04-2201 00:00,7,DELHI,110059,7,IGST,IGST,
237,SAHIL JI,SAHIL JI KARNAL,231,SAHIL JI/231,SIGNATURE GLOBAL,,,KARNAL,SIGNATURE GLOBAL,,,KARNAL,01-01-1999,,,,,,,,0,DEBIT/CREDIT,0,DR,,,LAST_AGRNO,N,,M_NARR1,M_NARR2,M_NARR3,ON HIRE,N,0,N/A,05-04-2020 11:37,05-04-2020 11:37,HARYANA,,6,HARYANA,,6,SGST-CGST,SGST-CGST,
238,CMAT,COAL MINES ASSOCIATED TRADERS PRIVATE LIMITED,232,CMAT/232,"2ND FLOOR, 0 SHIVALAYA, JHOUSAGARHI ","WARD NO. 23 RAGHUNATH ROAD, DEOGHAR",,DEOGHAR,"2ND FLOOR, 0 SHIVALAYA, JHOUSAGARHI ","WARD NO. 23 RAGHUNATH ROAD, DEOGHAR",,DEOGHAR,01-01-1999,,,,,,,,0,DEBIT/CREDIT,0,DR,,,LAST_AGRNO,N,,M_NARR1,M_NARR2,M_NARR3,ON HIRE,N,18,GST 18 %,25-05-2020 13:04,30-04-2021 14:26,JHARKHAND,12-02-3853 00:00,20,JHARKHAND,713363,20,IGST,IGST,
239,HCC,M/S HINDUSTAN CONSTRUCTION COMPANY,233,HCC/233,"JYOTI PURAM ROAD DISTRICT- REASI, JAMMU",,,JAMMU,"JYOTI PURAM ROAD DISTRICT- REASI, JAMMU",,,JAMMU,01-01-1999,,,,,,,,0,DEBIT/CREDIT,0,DR,,,LAST_AGRNO,N,,M_NARR1,M_NARR2,M_NARR3,ON HIRE,N,18,GST 18 %,31-07-2020 12:30,30-04-2021 14:25,JAMMU AND KASHMIR,23-02-2399 00:00,1,JAMMU AND KASHMIR,182311,1,IGST,IGST,
240,LAKSH,M/S LAKSHYESH INFRASTRUCTURE PVT LTD,234,LAKSH/234,"4, GALI NO. 2, DAYANAND NAGAR",,,BAHADURGARH,"4, GALI NO. 2, DAYANAND NAGAR",,,BAHADURGARH,01-01-1999,,,,,,,,0,DEBIT/CREDIT,0,DR,,,LAST_AGRNO,N,,M_NARR1,M_NARR2,M_NARR3,ON HIRE,N,0,GST 18 %,31-07-2020 12:33,01-11-2020 14:44,HARYANA,19-11-2240 00:00,6,HARYANA,124507,6,SGST-CGST,SGST-CGST,
241,MEENAL,MEENAL HOUSING PRIVATE LIMITED,235,MEENAL/235,,,,FARIDABAD,,,,FARIDABAD,01-01-1999,,,,,,,,0,DEBIT/CREDIT,0,DR,,,LAST_AGRNO,N,,M_NARR1,M_NARR2,M_NARR3,ON HIRE,N,0,N/A,05-08-2020 14:19,30-04-2021 14:13,HARYANA,,6,HARYANA,,6,SGST-CGST,SGST-CGST,
242,JOGINDER,JOGINDER JI AFFALATUS,236,JOGINDER/236,,,,BAHADURGARH,,,,BAHADURGARH,01-01-1999,,,,,,,,0,DEBIT/CREDIT,0,DR,,,LAST_AGRNO,N,,M_NARR1,M_NARR2,M_NARR3,ON HIRE,N,0,N/A,05-08-2020 14:30,30-06-2021 11:10,HARYANA,,6,HARYANA,,6,SGST-CGST,SGST-CGST,
243,ELKOS,ELKOS HEALTHCARE P LTD,237,ELKOS/237,,,,BARWALA,,,,BARWALA,01-01-1999,,,,,,,,0,DEBIT/CREDIT,0,DR,,,LAST_AGRNO,N,,M_NARR1,M_NARR2,M_NARR3,ON HIRE,N,0,N/A,03-09-2020 18:02,03-09-2020 18:02,HARYANA,,6,HARYANA,,6,SGST-CGST,SGST-CGST,
244,RIDHAM,RIDHAM PACKAGING,238,RIDHAM/238,PLOT MANGAL COLONY NEAR DOON VALLEY COLLEGE,,,KARNAL,PLOT MANGAL COLONY NEAR DOON VALLEY COLLEGE,,,KARNAL,01-01-1999,,,,,,,,0,DEBIT/CREDIT,0,DR,,,LAST_AGRNO,N,,M_NARR1,M_NARR2,M_NARR3,ON HIRE,N,0,GST 0 %,01-10-2020 10:05,02-10-2020 10:09,HARYANA,,6,HARYANA,,6,SGST-CGST,SGST-CGST,
245,ARUN,AFFALATUS DESIGN STUDIO,239,ARUN/239,102 FIRST FLOOR ALANKAR APPT SECTOR 56,,,GURGAON,102 FIRST FLOOR ALANKAR APPT SECTOR 56,,,GURGAON,01-01-1999,,,,,,,,0,DEBIT/CREDIT,0,DR,,,LAST_AGRNO,N,,M_NARR1,M_NARR2,M_NARR3,ON HIRE,N,0,N/A,01-10-2020 16:15,09-04-2021 12:57,HARYANA,09-01-2234 00:00,6,HARYANA,122001,6,SGST-CGST,SGST-CGST,
246,KANHAIYA,KANHAIYA JI (AFFALATUS),240,KANHAIYA/240,BAHADURGARH,,,BAHADURGARH,,,,BAHADURGARH,01-01-1999,,,,,,,,0,DEBIT/CREDIT,0,DR,,,LAST_AGRNO,N,,M_NARR1,M_NARR2,M_NARR3,ON HIRE,N,0,N/A,01-10-2020 16:23,30-04-2021 14:02,HARYANA,,6,HARYANA,,6,SGST-CGST,SGST-CGST,
247,PARAMJEET,26 NO. PARAMJEET,241,PARAMJEET/241,,,,BAHADURGARH,,,,BAHADURGARH,01-01-1999,,,,,,,,0,DEBIT/CREDIT,0,DR,,,LAST_AGRNO,N,,M_NARR1,M_NARR2,M_NARR3,ON HIRE,N,0,N/A,01-10-2020 16:27,30-04-2021 14:04,HARYANA,,6,HARYANA,,6,SGST-CGST,SGST-CGST,
248,BADRI,BADRI PRASAD YADAV,242,BADRI/242,,,,BHOPAL,,,,BHOPAL,01-01-1999,,,,,,,,0,DEBIT/CREDIT,0,DR,,,LAST_AGRNO,N,,M_NARR1,M_NARR2,M_NARR3,ON HIRE,N,0,N/A,01-10-2020 16:45,02-05-2023 17:43,MADHYA PRADESH,,23,MADHYA PRADESH,,23,IGST,IGST,
249,BHARAT,BHARAT CENTUARY SCHOOL,243,BHARAT/243,,,,BAHADURGARH,,,,BAHADURGARH,01-01-1999,,,,,,,,0,DEBIT/CREDIT,0,DR,,,LAST_AGRNO,N,,M_NARR1,M_NARR2,M_NARR3,ON HIRE,N,0,N/A,01-10-2020 16:53,02-05-2023 14:56,HARYANA,,6,HARYANA,,6,SGST-CGST,SGST-CGST,
250,SATISH,SATISH JI (SUNIL),244,SATISH/244,,,,BAHADURGARH,,,,BAHADURGARH,01-01-1999,,,,,,,,0,DEBIT/CREDIT,0,DR,,,LAST_AGRNO,N,,M_NARR1,M_NARR2,M_NARR3,ON HIRE,N,0,N/A,01-10-2020 16:58,21-11-2020 17:25,HARYANA,,6,HARYANA,,6,SGST-CGST,SGST-CGST,
251,BIJENDER,BIJENDER SCHOOL,245,BIJENDER/245,,,,BAHADURGARH,,,,BAHADURGARH,01-01-1999,,,,,,,,0,DEBIT/CREDIT,0,DR,,,LAST_AGRNO,N,,M_NARR1,M_NARR2,M_NARR3,ON HIRE,N,0,N/A,01-10-2020 17:00,01-10-2020 18:35,HARYANA,,6,HARYANA,,6,SGST-CGST,SGST-CGST,
252,SULEMAN,SULEMAN,246,SULEMAN/246,,,,KARNAL,,,,KARNAL,01-01-1999,,,,,,,,0,DEBIT/CREDIT,0,DR,,,LAST_AGRNO,N,,M_NARR1,M_NARR2,M_NARR3,ON HIRE,N,0,N/A,02-10-2020 11:43,02-10-2020 11:45,HARYANA,,6,HARYANA,,6,SGST-CGST,SGST-CGST,
253,SIODHARTA,SIDHARTHA ENGG AND BUILDER,247,SIODHARTA/247,,,,DELHI,,,,DELHI,03-12-2002,,,,,,,,0,DEBIT/CREDIT,0,DR,,,LAST_AGRNO,N,,M_NARR1,M_NARR2,M_NARR3,ON HIRE,N,0,N/A,05-10-2020 13:56,30-01-2021 13:10,DELHI,,7,DELHI,,7,IGST,IGST,
254,AMIT,AMIT ENTERPRISES,248,AMIT/248,,,,DELHI,,,,DELHI,01-01-1999,,,,,,,,0,DEBIT/CREDIT,0,DR,,,LAST_AGRNO,N,,M_NARR1,M_NARR2,M_NARR3,ON HIRE,N,0,N/A,05-10-2020 13:57,02-08-2021 12:28,DELHI,,7,DELHI,,7,IGST,IGST,
255,RAHUL,RAHUL SHUTTERING,249,RAHUL/249,,,,DELHI,,,,DELHI,01-01-1999,,,,,,,,0,DEBIT/CREDIT,0,DR,,,LAST_AGRNO,N,,M_NARR1,M_NARR2,M_NARR3,ON HIRE,N,0,N/A,05-10-2020 13:58,14-08-2021 15:20,DELHI,,7,DELHI,,7,IGST,IGST,
256,DEE SONS,DEESONS,250,DEE SONS/250,,,,DELHI,,,,DELHI,01-01-1999,,,,,,,,0,DEBIT/CREDIT,0,DR,,,LAST_AGRNO,N,,M_NARR1,M_NARR2,M_NARR3,ON HIRE,N,0,N/A,05-10-2020 13:59,07-01-2021 12:32,DELHI,,7,DELHI,,7,IGST,IGST,
257,SHREEBALAJI,SHREE  BALAJI SHUTTERING,251,SHREEBALAJI/251,,,,GURGAON,,,,GURGAON,01-01-1999,,,,,,,,0,DEBIT/CREDIT,0,DR,,,LAST_AGRNO,N,,M_NARR1,M_NARR2,M_NARR3,ON HIRE,N,0,N/A,05-10-2020 14:00,27-02-2021 14:06,HARYANA,,6,HARYANA,,6,SGST-CGST,SGST-CGST,
258,HONEY,HONEY SHUTTERING STORE,252,HONEY/252,,,,DELHI,,,,DELHI,01-01-1999,,,,,,,,0,DEBIT/CREDIT,0,DR,,,LAST_AGRNO,N,,M_NARR1,M_NARR2,M_NARR3,ON HIRE,N,0,N/A,05-10-2020 14:01,07-01-2021 12:44,DELHI,,7,DELHI,,7,IGST,IGST,
260,PARDEEP,PAARDEEP TIMBER,254,PARDEEP/254,,,,SONIPAT,,,,SONIPAT,01-01-1999,,,,,,,,0,DEBIT/CREDIT,0,DR,,,LAST_AGRNO,N,,M_NARR1,M_NARR2,M_NARR3,ON HIRE,N,0,N/A,23-10-2020 11:20,30-06-2021 10:41,HARYANA,,6,HARYANA,,6,SGST-CGST,SGST-CGST,
261,AANJANA,AANJANA PUMP SERVICES,255,AANJANA/255,"OPP MANDI GATE, MEMORIAL, MANDI CHAURAHA , NIMBAHERA",,,NIMBAHERA,J K CEMENT WORKS VILL MANGROL,,,NIMBAHERA,01-01-1999,,,,,,,,0,DEBIT/CREDIT,0,DR,,,LAST_AGRNO,N,,M_NARR1,M_NARR2,M_NARR3,ON HIRE,N,18,GST 18 %,30-11-2020 10:54,01-12-2020 12:35,RAJASTHAN,24-03-2754 00:00,8,RAJASTHAN,312001,8,IGST,IGST,
262,ASHOKA,ASHOK TIMBER STORE,256,ASHOKA/256,,,,DELHI,,,,DELHI,01-01-1999,,,,,,,,0,DEBIT/CREDIT,0,DR,,,LAST_AGRNO,N,,M_NARR1,M_NARR2,M_NARR3,ON HIRE,N,0,N/A,02-12-2020 11:10,02-12-2020 11:10,DELHI,,7,DELHI,,7,IGST,IGST,
263,PARAMJEET MIE,2316 BELCO PHARMA PARAMJEET,257,PARAMJEET MIE/257,,,,BAHADURGARH,,,,BAHADURGARH,01-01-1999,,,,,,,,0,DEBIT/CREDIT,0,DR,,,LAST_AGRNO,N,,M_NARR1,M_NARR2,M_NARR3,ON HIRE,N,0,N/A,05-12-2020 13:02,07-05-2022 15:04,HARYANA,,6,HARYANA,124507,6,SGST-CGST,SGST-CGST,
264,S S CONSTRUCTION,S S CONSTRUCTION,258,S S CONSTRUCTION/258,45 SEC 14,,,ROHTAK,45 SEC 14,,,ROHTAK,01-01-1999,,,,,,,,0,DEBIT/CREDIT,0,DR,,,LAST_AGRNO,N,,M_NARR1,M_NARR2,M_NARR3,ON HIRE,N,0,N/A,31-12-2020 12:54,02-05-2023 17:49,HARYANA,,6,HARYANA,,6,SGST-CGST,SGST-CGST,
265,SONA2,M/S SONA INFRATECH PVT LTD,259,SONA2/259,THIRD FLOOR NC 3A 80/C LIC SOCIETY,,,DELHI,THIRD FLOOR NC 3A 80/C LIC SOCIETY,,,DELHI,01-01-1999,,,,,,,,0,DEBIT/CREDIT,0,DR,,,LAST_AGRNO,N,,M_NARR1,M_NARR2,M_NARR3,ON HIRE,N,18,GST 18 %,05-03-2021 13:43,30-04-2021 14:26,DELHI,30-04-2201 00:00,7,DELHI,110059,7,IGST,IGST,
266,SUPERIOR,SUPERIOR GLASS,260,SUPERIOR/260,KARNAL,,,KARNAL,KARNAL,,,KARNAL,01-01-1999,,,,,,,,0,DEBIT/CREDIT,0,DR,,,LAST_AGRNO,N,,M_NARR1,M_NARR2,M_NARR3,ON HIRE,N,0,N/A,01-04-2021 11:48,02-05-2023 17:26,HARYANA,27-05-2261 00:00,6,HARYANA,132001,6,SGST-CGST,SGST-CGST,
267,ASHOKAINS,ASHOKA INSULATUON INS,261,ASHOKAINS/261,SHALIMAR BAGH AJ-25,,,DELHI,THE CO-OPERATIVE SUGER MILL,,,KARNAL,01-01-1999,,,,,,,,0,DEBIT/CREDIT,0,DR,,,LAST_AGRNO,N,,M_NARR1,M_NARR2,M_NARR3,ON HIRE,N,18,GST 18 %,01-04-2021 11:52,01-04-2021 11:53,DELHI,,7,HARYANA,132001,6,IGST,IGST,
268,NUVOTEC,NUVOTEC ENGG PVT LTD,262,NUVOTEC/262,IIC-41 BASEMENT LAJPAT NAGAR,,,DELHI,KEC,NCRTC DUHAI DEPOT ,,GHAZIABAD,01-01-1999,,,,,,,,0,DEBIT/CREDIT,0,DR,,,LAST_AGRNO,N,,M_NARR1,M_NARR2,M_NARR3,ON HIRE,N,0,GST 0 %,01-04-2021 12:00,08-05-2023 16:29,DELHI,26-03-2201 00:00,7,UTTAR PRADESH,201206,9,IGST,IGST,
269,SHIVA,SHIVA CONSTECH PVT LTD,263,SHIVA/263,D-304 SWARN NAGARI GREATER NOIDA GBN,,,NOIDA,D-304 SWARN NAGARI GREATER NOIDA GBN,,,NOIDA,01-01-1999,,,,,,,,0,DEBIT/CREDIT,0,DR,,,LAST_AGRNO,N,,M_NARR1,M_NARR2,M_NARR3,ON HIRE,N,0,GST 0 %,01-04-2021 13:37,01-11-2021 15:44,UTTAR PRADESH,25-02-2451 00:00,9,UTTAR PRADESH,201306,9,IGST,IGST,
270,RAJIV PAHWA,RAJIV PAHWA,264,RAJIV PAHWA/264,CHOTI MARKET 15 MODEL TOWN,,,KARNAL,CHOTI MARKET 15 MODEL TOWN,,,KARNAL,01-01-1999,,,,,,,,0,DEBIT/CREDIT,0,DR,,,LAST_AGRNO,N,,M_NARR1,M_NARR2,M_NARR3,ON HIRE,N,18,GST 18 %,03-05-2021 13:32,28-08-2021 12:26,HARYANA,,6,HARYANA,,6,SGST-CGST,SGST-CGST,
271,ARJUNSCAFF,ARJUN SCAFF AND STEEL,265,ARJUNSCAFF/265,,,,ROHTAK,,,,ROHTAK,01-01-1999,,,,,,,,0,DEBIT/CREDIT,0,DR,,,LAST_AGRNO,N,,M_NARR1,M_NARR2,M_NARR3,ON HIRE,N,0,N/A,03-05-2021 13:45,02-03-2022 14:53,HARYANA,,6,HARYANA,,6,SGST-CGST,SGST-CGST,
272,IPCC,IPCL KANHAIYA JI,266,IPCC/266,SITE PERHAI,,,BAHADURGARH,,,,BAHADURGARH,01-01-1999,,,,,,,,0,DEBIT/CREDIT,0,DR,,,LAST_AGRNO,N,,M_NARR1,M_NARR2,M_NARR3,ON HIRE,N,0,N/A,22-06-2021 14:21,30-08-2022 21:44,HARYANA,19-11-2240 00:00,6,HARYANA,124507,6,SGST-CGST,SGST-CGST,
273,PANKAJ,KASHISH INTERNATIONAL,267,PANKAJ/267,,,,KARNAL,,,,KARNAL,01-01-1999,,,,,,,,0,DEBIT/CREDIT,0,DR,,,LAST_AGRNO,N,,M_NARR1,M_NARR2,M_NARR3,ON HIRE,N,0,N/A,30-06-2021 11:23,29-12-2021 12:08,HARYANA,27-05-2261 00:00,6,HARYANA,132001,6,SGST-CGST,SGST-CGST,
274,SAHILSHUTTERING,SAHIL INFRA TRADERS,268,SAHILSHUTTERING/268,MEERA GHATI KARNAL,,,KARNAL,MEERA GHATI KARNAL,,,KARNAL,01-01-1999,,,,,,,,0,DEBIT/CREDIT,0,DR,,,LAST_AGRNO,N,,M_NARR1,M_NARR2,M_NARR3,ON HIRE,N,0,N/A,03-07-2021 11:55,03-02-2024 15:33,HARYANA,,6,HARYANA,,6,SGST-CGST,SGST-CGST,
275,PATEL NAGAR,6 NO. KANHAIYA JI,269,PATEL NAGAR/269,PILLAR NO 225 PATEL NAGAR,,,DELHI,PLOT NO. 6 PILLAR NO 225 PATEL NAGAR,,,DELHI,01-01-1999,,,,,,,,0,DEBIT/CREDIT,0,DR,,,LAST_AGRNO,N,,M_NARR1,M_NARR2,M_NARR3,ON HIRE,N,0,N/A,02-08-2021 12:07,02-02-2022 15:01,,10-03-2201 00:00,7,,110008,7,IGST,IGST,
276,GLACIER,GLACIER TRADEX PVT LTD (ARUN JI),270,GLACIER/270,"SECTOR - 33, BYE PASS ROAD",,,BAHADURGARH,"SECTOR - 33, BYE PASS ROAD",,,BAHADURGARH,01-01-1999,,,,,,,,0,DEBIT/CREDIT,0,DR,,,LAST_AGRNO,N,,M_NARR1,M_NARR2,M_NARR3,ON HIRE,N,0,N/A,02-08-2021 12:24,24-01-2022 16:31,HARYANA,19-11-2240 00:00,6,HARYANA,124507,6,SGST-CGST,SGST-CGST,
277,DAGAR,DAGAR ASSOCIATES,271,DAGAR/271,19-5 SUCHETAPURI,,,GHAZIABAD,19-5 SUCHETAPURI,],,GHAZIABAD,01-01-1999,,,,,,,,0,DEBIT/CREDIT,0,DR,,,LAST_AGRNO,N,,M_NARR1,M_NARR2,M_NARR3,ON HIRE,N,18,GST 18 %,31-08-2021 17:39,23-08-2022 16:33,UTTAR PRADESH,14-11-2450 00:00,9,UTTAR PRADESH,201203,9,IGST,IGST,
278,GULERMAC,GULERMAK - TPL PUNE METRO JOINT VENTURE,272,GULERMAC/272,"SURVEY NO 24, DECCAN COLLEGE,",VILLAGE YERAWADA,,PUNE,"SURVEY NO 24, DECCAN COLLEGE,",VILLAGE YERAWADA,,PUNE,01-01-1999,,,,,,,,0,DEBIT/CREDIT,0,DR,,,LAST_AGRNO,N,,M_NARR1,M_NARR2,M_NARR3,ON HIRE,N,18,GST 18 %,21-09-2021 12:53,29-01-2024 13:59,MAHARASHTRA,17-04-3025 00:00,27,MAHARASHTRA,411006,27,IGST,IGST,
279,SHIVAUPNEW,M/S SHIVA CONSTEACH PVT. LTD.,273,SHIVAUPNEW/273,,,,SONIPAT,"H NO. 2859, SEC 15",,,SONIPAT,01-01-1999,,,,,,,,0,DEBIT/CREDIT,0,DR,,,LAST_AGRNO,N,,M_NARR1,M_NARR2,M_NARR3,ON HIRE,N,0,GST 0 %,04-10-2021 14:27,02-09-2023 12:18,HARYANA,,6,HARYANA,,6,SGST-CGST,SGST-CGST,
280,AGGARSAIN,AGGARSAIN TRUST BHIWANI,274,AGGARSAIN/274,AGGARSAIN TRUST ROHTAK ROAD,,,BHIWANI,AGGARSAIN TRUST ROHTAK ROAD,,,BHIWANI,01-01-1999,,,,,,,,0,DEBIT/CREDIT,0,DR,,,LAST_AGRNO,N,,M_NARR1,M_NARR2,M_NARR3,ON HIRE,N,0,N/A,27-10-2021 17:14,02-05-2023 17:39,HARYANA,08-10-2247 00:00,6,HARYANA,127021,6,SGST-CGST,SGST-CGST,
281,KSCONSTRUCTION,K S CONSTRUCTION,275,KSCONSTRUCTION/275,126 PREET NAGAR MAHESH NAGAR,,,AMBALA CANTT,126 PREET NAGAR MAHESH NAGAR,,,AMBALA CANTT,01-01-1999,,,,,,,,0,DEBIT/CREDIT,0,DR,,,LAST_AGRNO,N,,M_NARR1,M_NARR2,M_NARR3,ON HIRE,N,18,GST 18 %,27-10-2021 17:18,08-07-2022 11:35,HARYANA,21-02-2264 00:00,6,HARYANA,133001,6,SGST-CGST,SGST-CGST,
282,CHABRA,169 SEC 16 CHHABRA JI,276,CHABRA/276,,169 SECTOR 16 CHHABRA JI,,BAHADURGARH,,169 SECTOR 16 CHHABRA JI,,BAHADURGARH,01-01-1999,,,,,,,,0,DEBIT/CREDIT,0,DR,,,LAST_AGRNO,N,,M_NARR1,M_NARR2,M_NARR3,ON HIRE,N,0,N/A,28-10-2021 11:59,02-05-2023 17:54,HARYANA,,6,HARYANA,,6,SGST-CGST,SGST-CGST,
283,12 ACRE,12 ACRE,277,12 ACRE/277,SECTOR 33 BYE PASS ROAD ,,,BAHADURGARH,,,,BAHADURGARH,01-01-1999,,,,,,,,0,DEBIT/CREDIT,0,DR,,,LAST_AGRNO,N,,M_NARR1,M_NARR2,M_NARR3,ON HIRE,N,0,N/A,01-11-2021 15:42,01-06-2022 11:25,HARYANA,,6,HARYANA,,6,SGST-CGST,SGST-CGST,
284,PRAMOD,PRAMOD,278,PRAMOD/278,,,,DELHI,,,,DELHI,01-01-1999,,,,,,,,0,DEBIT/CREDIT,0,DR,,,LAST_AGRNO,N,,M_NARR1,M_NARR2,M_NARR3,ON HIRE,N,0,N/A,07-11-2021 15:59,07-11-2021 15:59,DELHI,,7,DELHI,,7,IGST,IGST,
285,MSGULERMAC,M/S GULERMAK - TPL PUNE METRO JOINT VENTURE,279,MSGULERMAC/279,"3RD FLOOR, TRANSOCEANHOUSE, LAKE BOULEWARD ROAD","HIRANANDINI BUSINESS PARK, POWAI MUMBAI SUBURBAN",,MUMBAI,SURVEY NO. 24 DECCAN COLLEGE VILL. YERAWADA,TALUKA HAVELI OPPOSITE FIRE STATION PUNE,,PUNE,01-01-1999,,,,,,,,0,DEBIT/CREDIT,0,DR,,,LAST_AGRNO,N,,M_NARR1,M_NARR2,M_NARR3,ON HIRE,N,18,GST 18 %,09-11-2021 15:10,21-12-2021 12:01,MAHARASHTRA,14-05-2995 00:00,27,MAHARASHTRA,411006,27,IGST,IGST,
286,KULDEEP,92/16 KULDEEP,280,KULDEEP/280,,,,BAHADURGARH,,,,BAHADURGARH,01-01-1999,,,,,,,,0,DEBIT/CREDIT,0,DR,,,LAST_AGRNO,N,,M_NARR1,M_NARR2,M_NARR3,ON HIRE,N,0,N/A,30-11-2021 11:52,04-01-2023 12:34,HARYANA,,6,HARYANA,,6,SGST-CGST,SGST-CGST,
287,KEC,KEC INTERNATIONAL LIMITED,281,KEC/281,SHIVLOK DHAM JANPATH,,,MUZAFFARNAGAR,RC-101 RRTC DUHAI DEPOT,,,GHAZIABAD,01-01-1999,,,,,,,,0,DEBIT/CREDIT,0,DR,,,LAST_AGRNO,N,,M_NARR1,M_NARR2,M_NARR3,ON HIRE,N,18,GST 18 %,29-12-2021 11:54,29-12-2021 11:54,UTTAR PRADESH,,9,UTTAR PRADESH,,9,IGST,IGST,
288,VIJENDRA,VIJENDRA KUMAR CONTRACTOR,282,VIJENDRA/282,H NO. 36 VILLAGE SALUNI,,,NAKUR,RAILWAY STATION KALANOUR,YAMUNANAGAR,,YAMUNANAGAR,01-01-1999,,,,,,,,0,DEBIT/CREDIT,0,DR,,,LAST_AGRNO,N,,M_NARR1,M_NARR2,M_NARR3,ON HIRE,N,18,GST 18 %,29-12-2021 12:12,02-05-2023 16:12,UTTAR PRADESH,,9,HARYANA,,6,IGST,IGST,
289,24-16,24 NO. SEC. 16 SATISH JI,283,24-16/283,N,,,BAHADURGARH,24-25 NO. SECTOR 16,,,BAHADURGARH,01-01-1999,,,,,,,,0,DEBIT/CREDIT,0,DR,,,LAST_AGRNO,N,,M_NARR1,M_NARR2,M_NARR3,ON HIRE,N,0,N/A,23-02-2022 15:38,04-06-2023 18:39,HARYANA,19-11-2240 00:00,6,HARYANA,124507,6,SGST-CGST,SGST-CGST,
290,328,328 NO. SECTOR 17 DEEPAK JI,284,328/284,328 NO SECTOPR 17,,,BAHADURGARH,328 NO SECTOPR 17,,,BAHADURGARH,01-01-1999,,,,,,,,0,DEBIT/CREDIT,0,DR,,,LAST_AGRNO,N,,M_NARR1,M_NARR2,M_NARR3,ON HIRE,N,0,N/A,01-03-2022 11:18,02-05-2023 16:52,HARYANA,,6,HARYANA,,6,SGST-CGST,SGST-CGST,
291,98,98 NO. SURENDER JI,285,98/285,98 NO. SURENDER JI,,,BAHADURGARH,98 NO. SURENDER JI,,,BAHADURGARH,01-01-1999,,,,,,,,0,DEBIT/CREDIT,0,DR,,,LAST_AGRNO,N,,M_NARR1,M_NARR2,M_NARR3,ON HIRE,N,0,N/A,01-03-2022 11:19,04-01-2023 12:21,HARYANA,,6,HARYANA,,6,SGST-CGST,SGST-CGST,
292,SHIVASCAFF,KRISHAN (SHIVA SCAFF),286,SHIVASCAFF/286,HAU UNIVERSITY HISSAR,,,HISAR,HAU UNIVERSITY HISSAR,,,HISAR,01-01-1999,,,,,,,,0,DEBIT/CREDIT,0,DR,,,LAST_AGRNO,N,,M_NARR1,M_NARR2,M_NARR3,ON HIRE,N,0,N/A,02-04-2022 10:46,07-04-2022 16:07,HARYANA,,6,HARYANA,,6,SGST-CGST,SGST-CGST,
293,RAKESH,MR RAKESH,287,RAKESH/287,DELHI,,,DELHI,DELHI,,,DELHI,01-01-1999,,,,,,,,0,DEBIT/CREDIT,0,DR,,,LAST_AGRNO,N,,M_NARR1,M_NARR2,M_NARR3,ON HIRE,N,0,N/A,30-06-2022 10:51,01-07-2022 13:39,DELHI,,7,DELHI,,7,IGST,IGST,
294,AGGARWAL DHARAMDHALA,AGGARWAL SAMAJ SANGTHAN,288,AGGARWAL DHARAMDHALA/288,MR JAGDISH BANSAL JI,MAHARAJA AGGARSAIN BHAWAN,"CS-5, POCKET C-12, RITHALA ROAD SECTOR - 5 ROHINI",DELHI,MR JAGDISH BANSAL JI,MAHARAJA AGGARSAIN BHAWAN,"CS-5, POCKET C-12, RITHALA ROAD SECTOR - 5 ROHINI",DELHI,01-01-1999,,,,,,,,0,DEBIT/CREDIT,0,DR,,,LAST_AGRNO,N,,M_NARR1,M_NARR2,M_NARR3,ON HIRE,N,0,N/A,30-06-2022 10:55,01-07-2022 13:40,,26-05-2201 00:00,7,,110085,7,IGST,IGST,
295,JOP,JOP INTERNATIONAL LIMITED,289,JOP/289,SECTOR 28 DELHI ROAD,VPO-GARHI BOHAR,,ROHTAK,SECTOR 28 DELHI ROAD,VPO-GARHI BOHAR,,ROHTAK,01-01-1999,,,,,,,,0,DEBIT/CREDIT,0,DR,,,LAST_AGRNO,N,,M_NARR1,M_NARR2,M_NARR3,ON HIRE,N,0,GST 0 %,30-06-2022 10:59,10-11-2023 16:08,HARYANA,02-07-2239 00:00,6,HARYANA,124001,6,SGST-CGST,SGST-CGST,
296,MAANARAYAN,MAA NARAYAN CONSTRUCTION CO.,290,MAANARAYAN/290,"129-C, ST. NO. 5, NEW LAHORE SHASTRI NAGAR",,EAST,DELHI,"129-C, ST. NO. 5, NEW LAHORE SHASTRI NAGAR",,EAST,DELHI,01-01-1999,,,,,,,,0,DEBIT/CREDIT,0,DR,,,LAST_AGRNO,N,,M_NARR1,M_NARR2,M_NARR3,ON HIRE,N,0,N/A,01-07-2022 14:08,01-07-2022 18:11,,02-04-2201 00:00,7,DELHI,110031,7,IGST,IGST,
297,SHIVADELHI,M/S SHIVA CONSTECH PRIVATE LIMITED,291,SHIVADELHI/291,"A3-222/1 SECTOR 7, ROHINI",,,DELHI,ST MARKS SR SEC SCHOOL,JANAKPURI,,DELHI,01-01-1999,,,,,,,,0,DEBIT/CREDIT,0,DR,,,LAST_AGRNO,N,,M_NARR1,M_NARR2,M_NARR3,ON HIRE,N,18,GST 18 %,05-07-2022 13:42,02-09-2023 12:56,DELHI,26-05-2201 00:00,7,DELHI,110085,7,IGST,IGST,
298,UDYOG NAGAR,D-4 UDYOG NAGAR,292,UDYOG NAGAR/292,??,,,DELHI,PEERAGARHI,,,DELHI,01-01-1999,,,,,,,,0,DEBIT/CREDIT,0,DR,,,LAST_AGRNO,N,,M_NARR1,M_NARR2,M_NARR3,ON HIRE,N,0,N/A,01-08-2022 14:06,01-03-2024 10:31,,,7,DELHI,,7,IGST,IGST,
299,E1-15,E1 15 PATEL NAGAR,293,E1-15/293,E1/15,,PATEL NAGAR,DELHI,E1/15,,PATEL NAGAR,DELHI,01-01-1999,,,,,,,,0,DEBIT/CREDIT,0,DR,,,LAST_AGRNO,N,,M_NARR1,M_NARR2,M_NARR3,ON HIRE,N,0,N/A,01-10-2022 11:05,29-03-2023 20:05,DELHI,10-03-2201 00:00,7,DELHI,110008,7,IGST,IGST,
300,PANDEY,A D PANDEY,294,PANDEY/294,,,,DELHI,,,,DELHI,01-01-1999,,,,,,,,0,DEBIT/CREDIT,0,DR,,,LAST_AGRNO,N,,M_NARR1,M_NARR2,M_NARR3,ON HIRE,N,0,N/A,30-12-2022 11:06,07-03-2023 11:47,DELHI,,7,DELHI,,7,IGST,IGST,
301,SANDHU,SANDHU JI,295,SANDHU/295,,,,PANIPAT,,,,PANIPAT,01-01-1999,,,,,,,,0,DEBIT/CREDIT,0,DR,,,LAST_AGRNO,N,,M_NARR1,M_NARR2,M_NARR3,ON HIRE,N,0,N/A,17-01-2023 16:46,09-03-2024 19:43,HARYANA,,6,HARYANA,,6,SGST-CGST,SGST-CGST,
302,MAABAGLAMUKHI,MAA BAGLA MUKHI MANDIR,296,MAABAGLAMUKHI/296,VILL MITHAPUR,SAMBHALKA ROAD TEHSIL SAHA,,AMBALA CANTT,VILL MITHAPUR,SAMBHALKA ROAD TEHSIL SAHA,,AMBALA CANTT,01-01-1999,,,,,,,,0,DEBIT/CREDIT,0,DR,,,LAST_AGRNO,N,,M_NARR1,M_NARR2,M_NARR3,ON HIRE,N,0,N/A,30-01-2023 17:42,01-03-2023 17:51,HARYANA,31-05-2264 00:00,6,HARYANA,133101,6,SGST-CGST,SGST-CGST,
303,ROHTASH,MR ROHTASH JI,297,ROHTASH/297,,,,KARNAL,,,,KARNAL,01-01-1999,,,,,,,,0,DEBIT/CREDIT,0,DR,,,LAST_AGRNO,N,,M_NARR1,M_NARR2,M_NARR3,ON HIRE,N,0,N/A,31-01-2023 11:23,31-01-2023 11:23,HARYANA,27-05-2261 00:00,6,HARYANA,132001,6,SGST-CGST,SGST-CGST,
304,NAVEEN,NAVEEN JI E1/15 PATEL NAGAR,298,NAVEEN/298,E1/15,PATEL NAGAR,,DELHI,E1/15,PATEL NAGAR,,DELHI,01-01-1999,,,,,,,,0,DEBIT/CREDIT,0,DR,,,LAST_AGRNO,N,,M_NARR1,M_NARR2,M_NARR3,ON HIRE,N,0,N/A,01-02-2023 16:27,30-08-2023 14:53,DELHI,10-03-2201 00:00,7,DELHI,110008,7,IGST,IGST,
305,JKUMAR,J. KUMAR INFRAPROJECTS LTD.,299,JKUMAR/299,DWARKA EXPRESSWAY PKG-1 BEHIND NSG CAMP,NEAR SAMALKA RED LIGHT DWARKA LINK ROAD,DWARKA,DELHI,DWARKA EXPRESWAY-I,,,DELHI,01-01-1999,,,,,,,,0,DEBIT/CREDIT,0,DR,,,LAST_AGRNO,N,,M_NARR1,M_NARR2,M_NARR3,ON HIRE,N,18,GST 18 %,01-03-2023 17:50,02-05-2023 12:27,DELHI,18-05-2201 00:00,7,DELHI,110077,7,IGST,IGST,
306,JHAJJAR,5 NO JHAJJAR,300,JHAJJAR/300,?,,,JHAJJAR,,,,JHAJJAR,01-01-1999,,,,,,,,0,DEBIT/CREDIT,0,DR,,,LAST_AGRNO,N,,M_NARR1,M_NARR2,M_NARR3,ON HIRE,N,0,N/A,01-03-2023 18:44,02-04-2024 11:30,HARYANA,,6,HARYANA,,6,SGST-CGST,SGST-CGST,
307,KRISHANSAINI,SHIVA SCAFFOLDING,301,KRISHANSAINI/301,"KILLA NO. 6/1, MUSTIL NO. 18","OPP. HP BOXER PETROL PUMP, VILL GHAROULI",,GURGAON,HAU HISSAR,,,HISAR,01-01-1999,,,,,,,,0,DEBIT/CREDIT,0,DR,,,LAST_AGRNO,N,,M_NARR1,M_NARR2,M_NARR3,ON HIRE,N,18,GST 18 %,18-03-2023 11:39,20-04-2024 16:07,HARYANA,14-01-2234 00:00,6,HARYANA,125001,6,SGST-CGST,SGST-CGST,
308,GULERMAK3,GULERMAK- TPL PUNE METRO JOINT VENTURE,302,GULERMAK3/302,"SURVEY NO 24, DECCAN COLLEGE",VILLAGE YERAWADA,,PUNE,"SURVEY NO 24, DECCAN COLLEGE",VILLAGE YERAWADA,,PUNE,01-01-1999,,,,,,,,0,DEBIT/CREDIT,0,DR,,,LAST_AGRNO,N,,M_NARR1,M_NARR2,M_NARR3,ON HIRE,N,18,GST 18 %,27-03-2023 11:47,29-01-2024 14:00,MAHARASHTRA,17-04-3025 00:00,27,MAHARASHTRA,411006,27,IGST,IGST,
309,J KUMAR,M/S J. KUMAR INFRAPROJECTS LTD.,303,J KUMAR/303,DWARKA EXPRESWAY PKG-II CASTING YARD, NAJAFGARH BIJWASAN ROAD,,DELHI,DWARKA EXPRESWAY PKG-II CASTING YARD, NAJAFGARH BIJWASAN ROAD,,DELHI,01-01-1999,,,,,,,,0,DEBIT/CREDIT,0,DR,,,LAST_AGRNO,N,,M_NARR1,M_NARR2,M_NARR3,ON HIRE,N,18,GST 18 %,01-05-2023 19:25,29-06-2023 11:11,DELHI,14-04-2201 00:00,7,DELHI,110043,7,IGST,IGST,
310,ABC,ABC,304,ABC/304,,,,KARNAL,,,,KARNAL,01-01-1999,,,,,,,,0,DEBIT/CREDIT,0,DR,,,LAST_AGRNO,N,,M_NARR1,M_NARR2,M_NARR3,ON HIRE,N,18,GST 18 %,03-05-2023 10:48,03-05-2023 10:48,HARYANA,,6,HARYANA,,6,SGST-CGST,SGST-CGST,
311,ARJUN,ARJUN SCAFF HUDA,305,ARJUN/305,,,,BAHADURGARH,,,,BAHADURGARH,01-01-1999,,,,,,,,0,DEBIT/CREDIT,0,DR,,,LAST_AGRNO,N,,M_NARR1,M_NARR2,M_NARR3,ON HIRE,N,0,N/A,16-05-2023 11:45,16-05-2023 11:45,HARYANA,19-11-2240 00:00,6,HARYANA,124507,6,SGST-CGST,SGST-CGST,
312,SECTOR8,SECTOR 8,306,SECTOR8/306,SECTOR 8,,,KARNAL,SECTOR 8,,,KARNAL,01-01-1999,,,,,,,,0,DEBIT/CREDIT,0,DR,,,LAST_AGRNO,N,,M_NARR1,M_NARR2,M_NARR3,ON HIRE,N,0,N/A,02-06-2023 10:59,02-06-2023 11:01,HARYANA,27-05-2261 00:00,6,HARYANA,132001,6,SGST-CGST,SGST-CGST,
313,24. 16,24  NO. SERCTOR 16 SATISH JI,307,24. 16/307,24 NO.,SECTOR 16,,BAHADURGARH,24 NO.,SECTOR 16,,BAHADURGARH,01-01-1999,,,,,,,,0,DEBIT/CREDIT,0,DR,,,LAST_AGRNO,N,,M_NARR1,M_NARR2,M_NARR3,ON HIRE,N,0,N/A,05-06-2023 13:12,05-06-2023 13:22,HARYANA,19-11-2240 00:00,6,HARYANA,124507,6,SGST-CGST,SGST-CGST,
314,HARSHITA,M/S HARSHITA BUILDCON,308,HARSHITA/308,A-22,DELTA -1,,GREATER NOIDA,A-22,DELTA -1,,GREATER NOIDA,01-01-1999,,,,,,,,0,DEBIT/CREDIT,0,DR,,,LAST_AGRNO,N,,M_NARR1,M_NARR2,M_NARR3,ON HIRE,N,18,GST 18 %,08-06-2023 10:22,08-06-2023 10:23,UTTAR PRADESH,27-02-2451 00:00,9,UTTAR PRADESH,201308,9,IGST,IGST,
315,SAWAN,MR. SAWAN JI,309,SAWAN/309,??,,,KARNAL,KARNAL,,,KARNAL,01-01-1999,,,,,,,,0,DEBIT/CREDIT,0,DR,,,LAST_AGRNO,N,,M_NARR1,M_NARR2,M_NARR3,ON HIRE,N,0,N/A,19-06-2023 16:58,03-11-2023 13:52,HARYANA,27-05-2261 00:00,6,HARYANA,132001,6,SGST-CGST,SGST-CGST,
316,MS JOP,M/S JOP INTERNATIONAL LIMITED,310,MS JOP/310,SECTOR 28,VPO GARHI BOHAR,,ROHTAK,SECTOR 28,VPO GARHI BOHAR,,ROHTAK,01-01-1999,,,,,,,,0,DEBIT/CREDIT,0,DR,,,LAST_AGRNO,N,,M_NARR1,M_NARR2,M_NARR3,ON HIRE,N,18,GST 18 %,01-10-2023 13:26,01-04-2024 21:04,HARYANA,02-07-2239 00:00,6,HARYANA,124001,6,SGST-CGST,SGST-CGST,
317,JB,J B CONTRACTOR PANIPAT,311,JB/311,PANIPAT,,,PANIPAT,PANIPAT,,,PANIPAT,01-01-1999,,,,,,,,0,DEBIT/CREDIT,0,DR,,,LAST_AGRNO,N,,M_NARR1,M_NARR2,M_NARR3,ON HIRE,N,0,N/A,01-12-2023 13:42,01-12-2023 13:55,HARYANA,06-09-2261 00:00,6,HARYANA,132103,6,SGST-CGST,SGST-CGST,
318,RCC,RCC ENTERPRISES,312,RCC/312,NEAR RADHIKA GARDEN 963/34 VIJAY NAGAR,NEAR JHAJJAR CHUNGI,,ROHTAK,NEAR RADHIKA GARDEN 963/34 VIJAY NAGAR,NEAR JHAJJAR CHUNGI,,ROHTAK,01-01-1999,,,,,,,,0,DEBIT/CREDIT,0,DR,,,LAST_AGRNO,N,,M_NARR1,M_NARR2,M_NARR3,ON HIRE,N,18,GST 18 %,01-12-2023 14:03,01-01-2024 12:40,HARYANA,02-07-2239 00:00,6,HARYANA,124001,6,SGST-CGST,SGST-CGST,
319,PARDEEPC,PARDEEP CONSTRUCTION,313,PARDEEPC/313,NARELA ROAD PIAU MINARI,KUNDLI,,SONIPAT,NARELA ROAD PIAU MINARI,KUNDLI,,SONIPAT,01-01-1999,,,,,,,,0,DEBIT/CREDIT,0,DR,,,LAST_AGRNO,N,,M_NARR1,M_NARR2,M_NARR3,ON HIRE,N,0,N/A,09-12-2023 16:02,12-12-2023 12:24,HARYANA,31-08-2258 00:00,6,HARYANA,131001,6,SGST-CGST,SGST-CGST,
320,HINDU,HINDUSTAN ENTERPRISES,314,HINDU/314,NAYAGAON TAPRANA,,,SHAMLI,NAYAGAON TAPRANA,,,SHAMLI,01-01-1999,,,,,,,,0,DEBIT/CREDIT,0,DR,,,LAST_AGRNO,N,,M_NARR1,M_NARR2,M_NARR3,ON HIRE,N,0,GST 0 %,01-01-2024 12:52,29-02-2024 17:18,UTTAR PRADESH,,9,UTTAR PRADESH,,9,IGST,IGST,
321,GULERMAKSAM,GULERMAK-SAM INDIA SURAT METRO UG P1 JOINT VENTURE,315,GULERMAKSAM/315, TPS-42 FP-68,"BHIMRAD,ABHVA,TA-CHORYASI",VESU,SURAT, TPS-42 FP-68,"BHIMRAD,ABHVA,TA-CHORYASI",VESU,SURAT,01-01-1999,,,,,,,,0,DEBIT/CREDIT,0,DR,,,LAST_AGRNO,N,,M_NARR1,M_NARR2,M_NARR3,ON HIRE,N,18,GST 18 %,29-01-2024 14:10,29-02-2024 17:34,GUJARAT,27-06-2981 00:00,24,GUJARAT,395007,24,IGST,IGST,
322,BABAVISHWAKARMA,M/S BABA VISHWAKARMA SHUTTERING STORE,316,BABAVISHWAKARMA/316,VILLAGE BABARPUR,,,PANIPAT,VILLAGE BABARPUR,,,PANIPAT,01-01-1999,,,,,,,,0,DEBIT/CREDIT,0,DR,,,LAST_AGRNO,N,,M_NARR1,M_NARR2,M_NARR3,ON HIRE,N,0,N/A,03-02-2024 15:49,03-04-2024 16:15,HARYANA,06-09-2261 00:00,6,HARYANA,132103,6,SGST-CGST,SGST-CGST,
323,831,831 NO. SECTOR 7,317,831/317,,,,KARNAL,,,,KARNAL,01-01-1999,,,,,,,,0,DEBIT/CREDIT,0,DR,,,LAST_AGRNO,N,,M_NARR1,M_NARR2,M_NARR3,ON HIRE,N,0,N/A,03-02-2024 15:51,21-02-2024 10:29,HARYANA,27-05-2261 00:00,6,HARYANA,132001,6,SGST-CGST,SGST-CGST,
324,JAGDAMBA,JAGDAMBA TIMBER,318,JAGDAMBA/318,NARELA ROAD PIAU MINARI KUNDLI,,SONEPAT,SONIPAT,NARELA ROAD PIAU MINARI KUNDLI,,SONEPAT,SONIPAT,01-01-1999,,,,,,,,0,DEBIT/CREDIT,0,DR,,,LAST_AGRNO,N,,M_NARR1,M_NARR2,M_NARR3,ON HIRE,N,18,GST 18 %,08-02-2024 17:34,06-04-2024 15:28,HARYANA,28-09-2258 00:00,6,,131029,6,SGST-CGST,SGST-CGST,
325,SURAT,M/S GULERMAK - SAM INDIA SURAT METRO UG P1 JOINT VENTURE,319,SURAT/319,"TPS-42 FP-68, BHIMRAD, ABHVA, TA-CHORYASI",VESU,,SURAT,"TPS-42 FP-68, BHIMRAD, ABHVA, TA-CHORYASI",VESU,,SURAT,01-01-1999,,,,,,,,0,DEBIT/CREDIT,0,DR,,,LAST_AGRNO,N,,M_NARR1,M_NARR2,M_NARR3,ON HIRE,N,18,GST 18 %,01-03-2024 14:34,01-03-2024 14:34,GUJARAT,27-06-2981 00:00,24,GUJARAT,395007,24,IGST,IGST,
